<?xml version="1.0" encoding="UTF-8"?>

<mule xmlns:jms="http://www.mulesoft.org/schema/mule/jms"
	xmlns:ftp="http://www.mulesoft.org/schema/mule/ee/ftp"
xmlns:http="http://www.mulesoft.org/schema/mule/http"
xmlns:ws="http://www.mulesoft.org/schema/mule/ws"
xmlns:smtp="http://www.mulesoft.org/schema/mule/smtp"
xmlns:db="http://www.mulesoft.org/schema/mule/db"
xmlns:jdbc-ee="http://www.mulesoft.org/schema/mule/ee/jdbc"
xmlns:file="http://www.mulesoft.org/schema/mule/file"
xmlns:context="http://www.springframework.org/schema/context"
xmlns="http://www.mulesoft.org/schema/mule/core" xmlns:doc="http://www.mulesoft.org/schema/mule/documentation"
xmlns:spring="http://www.springframework.org/schema/beans" 
xmlns:xsi="http://www.w3.org/2001/XMLSchema-instance"
xsi:schemaLocation="http://www.mulesoft.org/schema/mule/jms http://www.mulesoft.org/schema/mule/jms/current/mule-jms.xsd
http://www.mulesoft.org/schema/mule/ee/ftp http://www.mulesoft.org/schema/mule/ee/ftp/current/mule-ftp-ee.xsd
http://www.mulesoft.org/schema/mule/http http://www.mulesoft.org/schema/mule/http/current/mule-http.xsd
http://www.mulesoft.org/schema/mule/ws http://www.mulesoft.org/schema/mule/ws/current/mule-ws.xsd
http://www.mulesoft.org/schema/mule/smtp http://www.mulesoft.org/schema/mule/smtp/current/mule-smtp.xsd
http://www.mulesoft.org/schema/mule/db http://www.mulesoft.org/schema/mule/db/current/mule-db.xsd
http://www.mulesoft.org/schema/mule/ee/jdbc http://www.mulesoft.org/schema/mule/ee/jdbc/current/mule-jdbc-ee.xsd
http://www.mulesoft.org/schema/mule/file http://www.mulesoft.org/schema/mule/file/current/mule-file.xsd
http://www.springframework.org/schema/context http://www.springframework.org/schema/context/spring-context-current.xsd
http://www.springframework.org/schema/beans http://www.springframework.org/schema/beans/spring-beans-current.xsd
http://www.mulesoft.org/schema/mule/core http://www.mulesoft.org/schema/mule/core/current/mule.xsd">


	<context:property-placeholder location="classpath:General.properties,classpath:ESBData.properties,classpath:Email.properties,classpath:BPAPI.properties"/>

	<db:mysql-config name="ESBDBDatabase" host="${DB.host}" port="${DB.port}" user="${DB.user}" password="${DB.password}" database="${DB.database}" doc:name="MySQL Configuration"/>

	<configuration doc:name="Configuration">
	<expression-language>
	<import class="org.apache.commons.lang3.StringUtils" />
	</expression-language>
	</configuration>

	<!-- <spring:beans>	
		
		<spring:bean id="BuildJavaObject" name="BuildJavaObject" class="com.vbs.component.BuildJavaObject"/>		
	</spring:beans> -->
	
	  <choice-exception-strategy name="globalChoice_Exception_Strategy">
        <catch-exception-strategy when="#[exception.causedBy(org.mule.api.expression.ExpressionRuntimeException)]" doc:name="Catch Expression Exceptions">
            <set-payload value="#['Application currently unavailable']" doc:name="Set Payload"/>
            <logger level="INFO" doc:name="Logger"/>
        </catch-exception-strategy>
        <catch-exception-strategy doc:name="Catch all other exception">
            <set-payload value="#['Data is currently unavailable']" doc:name="Set Payload"/>
            <logger level="INFO" doc:name="Logger"/>
        </catch-exception-strategy>
    </choice-exception-strategy>
    
</mule>
